{"cameraMode":{"drawMode":0,"name":"Shaded","section":"Shading Mode"},"sceneLighting":false,"audioPlay":false,"sceneViewState":{"showFog":true,"showMaterialUpdate":false,"showSkybox":false,"showFlares":true,"showImageEffects":true,"showParticleSystems":true},"in2DMode":false,"pivot":{"x":0.0,"y":0.8972792625427246,"z":-0.11538299918174744},"rotation":{"x":-0.2201446294784546,"y":-0.3820238411426544,"z":0.09422179311513901,"w":-0.8925934433937073},"size":1.4528613090515137,"orthographic":false}