{"cameraMode":{"drawMode":0,"name":"Shaded","section":"Shading Mode"},"sceneLighting":false,"audioPlay":false,"sceneViewState":{"showFog":true,"showMaterialUpdate":false,"showSkybox":false,"showFlares":true,"showImageEffects":true,"showParticleSystems":true},"in2DMode":false,"pivot":{"x":4.95237922668457,"y":1.0739840269088746,"z":-8.27440071105957},"rotation":{"x":-0.2201446294784546,"y":-0.3820238411426544,"z":0.09422179311513901,"w":-0.8925934433937073},"size":0.07003471255302429,"orthographic":false}