{"cameraMode":{"drawMode":0,"name":"Shaded","section":"Shading Mode"},"sceneLighting":true,"audioPlay":false,"sceneViewState":{"showFog":true,"showMaterialUpdate":false,"showSkybox":true,"showFlares":true,"showImageEffects":true,"showParticleSystems":true},"in2DMode":false,"pivot":{"x":6.27144193649292,"y":-2.5654137134552,"z":-6.45380973815918},"rotation":{"x":0.034640368074178699,"y":0.958186686038971,"z":-0.13191336393356324,"w":0.2516181766986847},"size":7.497873306274414,"orthographic":false}